Game_ID,Game_Name,Publishers,Free,Price,Genres,Categories,Release_date,Total_reviews,Positive_review,Negative_review,review_score,review_score_desc
730,Counter-Strike 2,['Valve'],True,0.0,"['Action', 'Free To Play']","['Multi-player', 'Cross-Platform Multiplayer', 'Steam Trading Cards', 'Steam Workshop', 'Steam Workshop', 'In-App Purchases', 'Adjustable Text Size', 'Camera Comfort', 'Color Alternatives', 'Custom Volume Controls', 'Playable without Timed Input', 'Stereo Sound', 'Surround Sound', 'Valve Anti-Cheat enabled', 'Stats', 'Remote Play on Phone', 'Remote Play on Tablet', 'Remote Play on TV', 'Steam Timeline']","21 Aug, 2012",9897998,8494990,1403008,8.0,Very Positive
244210,Assetto Corsa,['505 Games'],False,100.0,"['Indie', 'Racing', 'Simulation', 'Sports']","['Single-player', 'Multi-player', 'PvP', 'Online PvP', 'Steam Achievements', 'VR Supported', 'Partial Controller Support', 'Steam Leaderboards', 'Includes level editor', 'Family Sharing']","19 Dec, 2014",174713,162248,12465,8.0,Very Positive
2073850,THE FINALS,['Embark Studios'],True,0.0,"['Action', 'Free To Play']","['Multi-player', 'PvP', 'Online PvP', 'Co-op', 'Online Co-op', 'Cross-Platform Multiplayer', 'Steam Achievements', 'Full controller support', 'In-App Purchases', 'DualShock Controller Support', 'DualShock Controller Support', 'DualSense Controller Support', 'DualSense Controller Support', 'Family Sharing']","7 Dec, 2023",277232,216862,60370,6.0,Mostly Positive
2483190,Forza Horizon 6,['Xbox Game Studios'],False,1599.2,"['Racing', 'Simulation', 'Sports']","['Single-player', 'Multi-player', 'PvP', 'Online PvP', 'Co-op', 'Online Co-op', 'Steam Achievements', 'Full controller support', 'Steam Trading Cards', 'Chat Text-to-speech', 'Color Alternatives', '#category_contrast_controls', 'Custom Volume Controls', 'Adjustable Difficulty', 'Gamepad Recommended', 'Keyboard Only Option', '#category_playable_at_your_own_pace', 'Playable without Timed Input', 'Stereo Sound', 'Surround Sound', 'HDR available', 'Family Sharing']","18 May, 2026",100208,81228,18980,8.0,Very Positive
252490,Rust,['Facepunch Studios'],False,399.5,"['Action', 'Adventure', 'Indie', 'Massively Multiplayer', 'RPG']","['Multi-player', 'MMO', 'PvP', 'Online PvP', 'Co-op', 'Online Co-op', 'Cross-Platform Multiplayer', 'Steam Achievements', 'Steam Trading Cards', 'Steam Workshop', 'In-App Purchases', 'Adjustable Text Size', 'Camera Comfort', 'Color Alternatives', 'Custom Volume Controls', 'Adjustable Difficulty', 'Stereo Sound', 'Subtitle Options', 'Surround Sound', 'Valve Anti-Cheat enabled', 'Stats', 'Remote Play on Tablet']","8 Feb, 2018",1403714,1217023,186691,8.0,Very Positive
270880,American Truck Simulator,['SCS Software'],False,102.0,"['Indie', 'Simulation']","['Single-player', 'Multi-player', 'Co-op', 'Online Co-op', 'Steam Achievements', 'Steam Trading Cards', 'Steam Workshop', 'Camera Comfort', 'Custom Volume Controls', 'Adjustable Difficulty', 'Keyboard Only Option', 'Playable without Timed Input', 'Save Anytime', 'Steam Input API Support', 'Stereo Sound', 'Surround Sound', 'Partial Controller Support', 'Steam Cloud', 'Includes level editor', 'Remote Play Together', 'Family Sharing']","2 Feb, 2016",197107,191037,6070,9.0,Overwhelmingly Positive
1281930,tModLoader,"['Re-Logic', 'TML Team']",True,0.0,"['Action', 'Adventure', 'Indie', 'RPG', 'Free To Play']","['Single-player', 'Multi-player', 'PvP', 'Online PvP', 'Co-op', 'Online Co-op', 'Steam Workshop', 'Steam Cloud', 'Family Sharing']","16 May, 2020",383429,372407,11022,9.0,Overwhelmingly Positive
2252570,Football Manager 2024,['SEGA'],False,0.0,"['Simulation', 'Sports', 'Strategy']","['Single-player', 'Multi-player', 'Steam Achievements', 'Steam Cloud', 'Family Sharing']","6 Nov, 2023",28616,26218,2398,8.0,Very Positive
629520,Soundpad,['Leppsoft'],False,92.0,"['Audio Production', 'Utilities']",['Family Sharing'],"30 Sep, 2017",104796,100570,4226,9.0,Overwhelmingly Positive
3419430,Bongo Cat,['Irox Games'],True,0.0,"['Casual', 'Indie', 'Massively Multiplayer', 'Simulation', 'Free To Play']","['Single-player', 'Multi-player', 'Co-op', 'Online Co-op', 'Steam Achievements', 'DualShock Controller Support', 'DualShock Controller Support', 'DualSense Controller Support', 'DualSense Controller Support', 'Partial Controller Support', 'Stats', 'Family Sharing']","5 Mar, 2025",111676,107828,3848,9.0,Overwhelmingly Positive
8930,Sid Meier's Civilization® V,"['2K', 'Aspyr (Mac)', 'Aspyr (Linux)']",False,139.75,['Strategy'],"['Single-player', 'Multi-player', 'Steam Achievements', 'Steam Trading Cards', 'Steam Cloud', 'Remote Play on Tablet', 'Family Sharing']","23 Sep, 2010",211000,201725,9275,9.0,Overwhelmingly Positive
322330,Don't Starve Together,['Klei Entertainment'],False,81.26,"['Action', 'Adventure', 'Indie', 'RPG', 'Simulation', 'Strategy']","['Single-player', 'Multi-player', 'PvP', 'Online PvP', 'LAN PvP', 'Co-op', 'Online Co-op', 'LAN Co-op', 'Full controller support', 'Steam Trading Cards', 'Steam Workshop', 'In-App Purchases', 'Adjustable Text Size', 'Camera Comfort', 'Color Alternatives', 'Custom Volume Controls', 'Adjustable Difficulty', 'Keyboard Only Option', 'Mouse Only Option', 'Playable without Timed Input', 'Save Anytime', 'Stereo Sound', 'Remote Play on Phone', 'Remote Play on Tablet', 'Remote Play on TV', 'Family Sharing']","21 Apr, 2016",543811,516083,27728,8.0,Very Positive
1912410,Minecraft Dungeons II,['Xbox Game Studios'],False,899.0,"['Action', 'Adventure', 'RPG']","['Single-player', 'Multi-player', 'Co-op', 'Online Co-op', 'Shared/Split Screen Co-op', 'Shared/Split Screen', 'Cross-Platform Multiplayer', 'Steam Achievements', 'Steam Trading Cards', 'Adjustable Text Size', 'Color Alternatives', '#category_contrast_controls', 'Custom Volume Controls', 'Playable without Timed Input', 'Stereo Sound', 'Subtitle Options', 'Surround Sound', 'Partial Controller Support', 'Remote Play Together', 'Family Sharing']","29 Sep, 2026",6573,4060,2513,5.0,Mixed
3513350,Wuthering Waves,['KURO GAMES'],True,0.0,"['Action', 'Adventure', 'RPG', 'Free To Play']","['Single-player', 'In-App Purchases', 'DualShock Controller Support', 'DualSense Controller Support', 'DualSense Controller Support', 'Partial Controller Support', 'Family Sharing']","28 Apr, 2025",56735,49618,7117,8.0,Very Positive
1172710,Dune: Awakening,['Funcom'],False,649.5,"['Action', 'Adventure', 'Massively Multiplayer', 'RPG']","['Single-player', 'Multi-player', 'Co-op', 'Online Co-op', 'Steam Achievements', 'Full controller support', 'Adjustable Text Size', 'Camera Comfort', 'Color Alternatives', 'Custom Volume Controls', 'Playable without Timed Input', 'Save Anytime', 'Stereo Sound', 'Subtitle Options', 'Surround Sound', 'Steam Cloud', 'Family Sharing']","10 Jun, 2025",79833,56934,22899,6.0,Mostly Positive
892970,Valheim,['Coffee Stain Publishing'],False,621.0,"['Action', 'Adventure', 'Indie', 'RPG']","['Single-player', 'Multi-player', 'Co-op', 'Online Co-op', 'Steam Achievements', 'Full controller support', 'Camera Comfort', 'Custom Volume Controls', 'Adjustable Difficulty', 'DualShock Controller Support', 'DualShock Controller Support', 'DualSense Controller Support', 'DualSense Controller Support', 'Save Anytime', 'Stereo Sound', 'Steam Cloud', 'Stats', 'Remote Play on Tablet', 'Family Sharing']","9 Sep, 2026",556401,521068,35333,8.0,Very Positive
3932890,Escape from Tarkov,['Battlestate Games'],False,487.5,"['Action', 'Massively Multiplayer', 'RPG', 'Simulation']","['Multi-player', 'MMO', 'PvP', 'Online PvP', 'Co-op', 'Online Co-op', 'Steam Achievements', 'Steam Trading Cards', 'In-App Purchases', 'Camera Comfort', 'Color Alternatives', 'Custom Volume Controls', 'Playable without Timed Input', 'Stereo Sound', 'Surround Sound']","15 Nov, 2025",65919,32674,33245,5.0,Mixed
2676230,FiveM,,False,0.0,[],[],,371,341,30,8.0,Very Positive
2139460,Once Human,"['Starry Studio', 'NetEase Games']",True,0.0,"['Action', 'Adventure', 'Casual', 'Massively Multiplayer', 'Racing', 'RPG', 'Simulation', 'Strategy', 'Free To Play']","['Multi-player', 'MMO', 'PvP', 'Online PvP', 'Co-op', 'Online Co-op', 'Full controller support', 'Steam Trading Cards', 'In-App Purchases', 'DualShock Controller Support', 'DualShock Controller Support', 'DualSense Controller Support', 'DualSense Controller Support', 'Family Sharing']","9 Jul, 2024",190102,150286,39816,6.0,Mostly Positive
3527290,PEAK,"['Aggro Crab', 'Evil Landfall?']",False,98.58,"['Action', 'Adventure', 'Indie']","['Single-player', 'Multi-player', 'Co-op', 'Online Co-op', 'Steam Achievements', 'Full controller support', 'Steam Trading Cards', 'DualShock Controller Support', 'DualShock Controller Support', 'DualSense Controller Support', 'DualSense Controller Support', 'Family Sharing']","16 Jun, 2025",376511,355582,20929,8.0,Very Positive
427520,Factorio,['Wube Software LTD.'],False,700.0,"['Casual', 'Indie', 'Simulation', 'Strategy']","['Single-player', 'Multi-player', 'Co-op', 'Online Co-op', 'LAN Co-op', 'Cross-Platform Multiplayer', 'Steam Achievements', 'Adjustable Text Size', 'Camera Comfort', 'Custom Volume Controls', 'Adjustable Difficulty', 'Playable without Timed Input', 'DualShock Controller Support', 'DualShock Controller Support', 'DualSense Controller Support', 'DualSense Controller Support', 'Save Anytime', 'Subtitle Options', 'Partial Controller Support', 'Steam Cloud', 'Includes level editor', 'Remote Play on Tablet', 'Family Sharing']","14 Aug, 2020",235339,229500,5839,9.0,Overwhelmingly Positive
2246340,Monster Hunter Wilds,"['CAPCOM Co., Ltd.']",False,817.5,"['Action', 'Adventure', 'RPG']","['Single-player', 'Multi-player', 'Co-op', 'Online Co-op', 'Cross-Platform Multiplayer', 'Steam Achievements', 'Full controller support', 'Steam Trading Cards', 'Adjustable Text Size', 'Camera Comfort', 'Color Alternatives', 'Custom Volume Controls', 'Keyboard Only Option', 'DualShock Controller Support', 'DualSense Controller Support', 'Steam Input API Support', 'Stereo Sound', 'Subtitle Options', 'Surround Sound', 'Steam Cloud', 'HDR available', 'Family Sharing']","27 Feb, 2025",332194,164613,167581,5.0,Mixed
376210,The Isle,['Afterthought LLC'],False,268.0,"['Action', 'Adventure', 'Indie', 'Massively Multiplayer', 'Simulation', 'Early Access']","['Multi-player', 'MMO', 'PvP', 'Online PvP', 'Partial Controller Support', 'Valve Anti-Cheat enabled']","1 Dec, 2015",121699,97565,24134,8.0,Very Positive
1665460,eFootball™,['KONAMI'],True,0.0,"['Simulation', 'Sports', 'Free To Play']","['Single-player', 'Multi-player', 'PvP', 'Online PvP', 'Shared/Split Screen PvP', 'Co-op', 'Online Co-op', 'Shared/Split Screen Co-op', 'Shared/Split Screen', 'Cross-Platform Multiplayer', 'In-App Purchases', 'Gamepad Recommended', 'DualShock Controller Support', 'DualSense Controller Support', 'Partial Controller Support', 'Steam Cloud', 'Family Sharing']","29 Sep, 2021",118664,61589,57075,5.0,Mixed
582660,Black Desert,['Pearl Abyss'],False,60.0,"['Action', 'Adventure', 'Massively Multiplayer', 'RPG', 'Strategy']","['Multi-player', 'MMO', 'PvP', 'Online PvP', 'Co-op', 'Online Co-op', 'Steam Trading Cards', 'In-App Purchases', 'Partial Controller Support']","5 Sep, 2023",94530,69467,25063,6.0,Mostly Positive
1304930,The Outlast Trials,['Red Barrels'],False,71.9,"['Action', 'Adventure', 'Indie']","['Single-player', 'Multi-player', 'Co-op', 'Online Co-op', 'Full controller support', 'DualShock Controller Support', 'DualShock Controller Support', 'DualSense Controller Support', 'DualSense Controller Support', 'Family Sharing']","5 Mar, 2024",112863,104204,8659,8.0,Very Positive
1905180,OBS Studio,['OBS Project'],True,0.0,"['Utilities', 'Video Production']",[],"21 Mar, 2022",57977,55267,2710,9.0,Overwhelmingly Positive
578080,PUBG: BATTLEGROUNDS,"['KRAFTON, Inc.']",True,0.0,"['Action', 'Adventure', 'Massively Multiplayer', 'Free To Play']","['Multi-player', 'PvP', 'Online PvP', 'Custom Volume Controls', 'Stereo Sound', 'Surround Sound', 'Partial Controller Support', 'Stats', 'Remote Play on Phone', 'Remote Play on Tablet', 'Family Sharing']","21 Dec, 2017",2784853,1668346,1116507,5.0,Mixed
3669870,CONTROL Resonant,['Remedy Entertainment'],False,1799.0,"['Action', 'Adventure', 'RPG']","['Single-player', 'Steam Achievements', 'Full controller support', 'Steam Trading Cards', 'Camera Comfort', 'Color Alternatives', '#category_contrast_controls', 'Custom Volume Controls', 'Adjustable Difficulty', 'Keyboard Only Option', 'Playable without Timed Input', 'DualSense Controller Support', 'DualSense Controller Support', 'Save Anytime', 'Subtitle Options', 'Steam Cloud', 'HDR available', 'Family Sharing']","24 Sep, 2026",11208,10156,1052,8.0,Very Positive
526870,Satisfactory,['Coffee Stain Publishing'],False,503.3,"['Adventure', 'Indie', 'Simulation', 'Strategy']","['Single-player', 'Multi-player', 'Co-op', 'Online Co-op', 'Cross-Platform Multiplayer', 'Steam Achievements', 'Adjustable Text Size', 'Camera Comfort', 'Color Alternatives', 'Custom Volume Controls', 'Adjustable Difficulty', 'Playable without Timed Input', 'DualShock Controller Support', 'DualShock Controller Support', 'DualSense Controller Support', 'DualSense Controller Support', 'Save Anytime', 'Stereo Sound', 'Surround Sound', 'Partial Controller Support', 'Steam Cloud', 'Remote Play on Tablet', 'Family Sharing']","10 Sep, 2024",280327,272662,7665,9.0,Overwhelmingly Positive
2399830,ARK: Survival Ascended,"['Studio Wildcard', 'Snail Games USA']",False,407.5,"['Action', 'Adventure', 'Indie', 'Massively Multiplayer', 'RPG', 'Early Access']","['Single-player', 'Multi-player', 'MMO', 'PvP', 'Online PvP', 'LAN PvP', 'Co-op', 'Online Co-op', 'LAN Co-op', 'Shared/Split Screen Co-op', 'Shared/Split Screen', 'Cross-Platform Multiplayer', 'Steam Achievements', 'Full controller support', 'Includes level editor', 'Remote Play Together', 'Family Sharing']","25 Oct, 2023",118521,71014,47507,5.0,Mixed
594650,Hunt: Showdown 1896,['Crytek'],False,247.6,['Action'],"['Multi-player', 'PvP', 'Online PvP', 'Co-op', 'Online Co-op', 'Steam Achievements', 'Full controller support', 'Steam Trading Cards', 'In-App Purchases', 'Steam Leaderboards', 'Remote Play on Tablet', 'Remote Play on TV']","27 Aug, 2019",279372,205897,73475,6.0,Mostly Positive
1374490,RuneScape: Dragonwilds,"['Jagex Ltd', 'H2 Interactive Co., Ltd.', 'Graph']",False,690.0,"['Action', 'Adventure', 'RPG']","['Single-player', 'Multi-player', 'Co-op', 'Online Co-op', 'Adjustable Text Size', 'Custom Volume Controls', 'Save Anytime', 'Stereo Sound', 'Partial Controller Support', 'Steam Cloud', 'Family Sharing']","15 Sep, 2026",32865,26575,6290,8.0,Very Positive
251570,7 Days to Die,['The Fun Pimps Entertainment LLC'],False,444.95,"['Action', 'Adventure', 'Indie', 'RPG', 'Simulation', 'Strategy']","['Single-player', 'Multi-player', 'PvP', 'Online PvP', 'LAN PvP', 'Co-op', 'Online Co-op', 'LAN Co-op', 'Cross-Platform Multiplayer', 'Steam Achievements', 'Full controller support', 'Steam Trading Cards', 'DualShock Controller Support', 'DualShock Controller Support', 'DualSense Controller Support', 'DualSense Controller Support', 'Includes level editor', 'Remote Play on Tablet', 'Remote Play on TV', 'Family Sharing']","25 Jul, 2024",401498,349333,52165,8.0,Very Positive
261550,Mount & Blade II: Bannerlord,['TaleWorlds Entertainment'],False,749.5,"['Action', 'Indie', 'RPG', 'Simulation', 'Strategy']","['Single-player', 'Multi-player', 'PvP', 'Online PvP', 'Steam Achievements', 'Steam Trading Cards', 'Steam Workshop', 'Partial Controller Support', 'Steam Cloud', 'Includes level editor', 'Remote Play on Tablet', 'Family Sharing']","25 Oct, 2022",298429,261668,36761,8.0,Very Positive
1867240,WARDOGS,['Team17'],False,867.0,"['Action', 'Indie', 'Massively Multiplayer', 'Simulation', 'Early Access']","['Multi-player', 'PvP', 'Online PvP', 'Steam Achievements', 'Camera Comfort', 'Custom Volume Controls', 'Stereo Sound', 'Surround Sound']","10 Sep, 2026",102727,77367,25360,6.0,Mostly Positive
284160,BeamNG.drive,['BeamNG'],False,396.0,"['Racing', 'Simulation', 'Early Access']","['Single-player', 'Steam Achievements', 'Steam Trading Cards', 'Camera Comfort', 'Custom Volume Controls', 'Keyboard Only Option', 'Playable without Timed Input', 'DualShock Controller Support', 'DualSense Controller Support', 'DualSense Controller Support', 'Stereo Sound', 'Surround Sound', 'Partial Controller Support', 'Steam Cloud', 'Includes level editor', 'Remote Play on Phone', 'Remote Play on Tablet', 'Remote Play Together', 'Family Sharing']","29 May, 2015",420917,409111,11806,9.0,Overwhelmingly Positive
813780,Age of Empires II: Definitive Edition,['Xbox Game Studios'],False,455.6,['Strategy'],"['Single-player', 'Multi-player', 'PvP', 'Online PvP', 'LAN PvP', 'Co-op', 'Online Co-op', 'LAN Co-op', 'Cross-Platform Multiplayer', 'Steam Achievements', 'Steam Trading Cards', 'Adjustable Text Size', 'Color Alternatives', 'Custom Volume Controls', 'Adjustable Difficulty', 'Mouse Only Option', 'Narrated Game Menus', '#category_playable_at_your_own_pace', 'Playable without Timed Input', 'Save Anytime', 'Steam Cloud', 'Includes level editor', 'Family Sharing']","14 Nov, 2019",182960,173654,9306,8.0,Very Positive
275850,No Man's Sky,['Hello Games'],False,440.0,"['Action', 'Adventure']","['Single-player', 'Multi-player', 'PvP', 'Online PvP', 'Co-op', 'Online Co-op', 'Cross-Platform Multiplayer', 'Steam Achievements', 'Full controller support', 'Tracked Controller Support', 'VR Supported', 'Steam Trading Cards', 'Adjustable Text Size', 'Camera Comfort', 'Chat Speech-to-text', 'Color Alternatives', 'Custom Volume Controls', 'Adjustable Difficulty', 'Playable without Timed Input', 'DualShock Controller Support', 'DualShock Controller Support', 'DualSense Controller Support', 'DualSense Controller Support', 'Save Anytime', 'Steam Input API Support', 'Stereo Sound', 'Subtitle Options', 'Surround Sound', 'Steam Cloud', 'Remote Play on Tablet', 'Remote Play on TV', 'HDR available', 'Family Sharing']","12 Aug, 2016",421724,359594,62130,8.0,Very Positive
294100,RimWorld,['Ludeon Studios'],False,544.0,"['Indie', 'Simulation', 'Strategy']","['Single-player', 'Steam Workshop', 'Adjustable Text Size', 'Camera Comfort', 'Custom Volume Controls', 'Adjustable Difficulty', 'Mouse Only Option', 'Playable without Timed Input', 'Save Anytime', 'Partial Controller Support', 'Steam Cloud', 'Remote Play on Tablet', 'Family Sharing']","17 Oct, 2018",247247,241919,5328,9.0,Overwhelmingly Positive
218620,PAYDAY 2,['Starbreeze Entertainment'],False,99.5,"['Action', 'RPG']","['Single-player', 'Multi-player', 'Co-op', 'Online Co-op', 'Steam Achievements', 'Full controller support', 'Tracked Controller Support', 'VR Supported', 'Steam Trading Cards', 'In-App Purchases', 'Camera Comfort', 'Custom Volume Controls', 'Adjustable Difficulty', 'Playable without Timed Input', 'DualShock Controller Support', 'Stereo Sound', 'Steam Cloud', 'Remote Play on Phone', 'Remote Play on Tablet', 'Remote Play on TV', 'Family Sharing']","13 Aug, 2013",674962,603132,71830,8.0,Very Positive
3241660,R.E.P.O.,['semiwork'],False,129.35,"['Action', 'Early Access']","['Single-player', 'Multi-player', 'Co-op', 'Online Co-op', 'Camera Comfort', 'Custom Volume Controls', 'Playable without Timed Input', 'Stereo Sound', 'Steam Cloud', 'Family Sharing']","26 Feb, 2025",426583,409502,17081,9.0,Overwhelmingly Positive
2344520,Diablo® IV,"['Blizzard Entertainment, Inc.']",False,1686.75,"['Action', 'Adventure', 'Casual', 'Massively Multiplayer', 'RPG']","['Single-player', 'Multi-player', 'PvP', 'Online PvP', 'Co-op', 'Online Co-op', 'Cross-Platform Multiplayer', 'Steam Achievements', 'Full controller support', 'In-App Purchases', 'Adjustable Text Size', 'Camera Comfort', 'Color Alternatives', 'Adjustable Difficulty', 'Keyboard Only Option', 'Mouse Only Option', 'Narrated Game Menus', 'Playable without Timed Input', 'DualShock Controller Support', 'DualSense Controller Support', 'DualSense Controller Support', 'Save Anytime', 'Stereo Sound', 'Subtitle Options']","17 Oct, 2023",79225,51624,27601,5.0,Mixed
1222670,The Sims™ 4,['Electronic Arts'],True,0.0,"['Adventure', 'Casual', 'Simulation', 'Free To Play']","['Single-player', 'Steam Trading Cards', 'In-App Purchases', 'Mouse Only Option', 'Playable without Timed Input', 'Save Anytime', 'Stereo Sound', 'Surround Sound', 'Remote Play on Tablet']","18 Jun, 2020",200998,173526,27472,8.0,Very Positive
550,Left 4 Dead 2,['Valve'],False,44.0,['Action'],"['Single-player', 'Multi-player', 'PvP', 'Online PvP', 'Co-op', 'Online Co-op', 'Steam Achievements', 'Full controller support', 'Steam Trading Cards', 'Captions available', 'Steam Workshop', 'Camera Comfort', 'Color Alternatives', 'Custom Volume Controls', 'Adjustable Difficulty', 'Playable without Timed Input', 'DualShock Controller Support', 'DualShock Controller Support', 'DualSense Controller Support', 'DualSense Controller Support', 'Steam Input API Support', 'Stereo Sound', 'Surround Sound', 'Steam Cloud', 'Valve Anti-Cheat enabled', 'Stats', 'Includes Source SDK', 'Commentary available', 'Remote Play on Phone', 'Remote Play on Tablet', 'Remote Play on TV', 'Remote Play Together', 'Family Sharing', 'Steam Timeline']","16 Nov, 2009",1060803,1034492,26311,9.0,Overwhelmingly Positive
1245620,ELDEN RING,"['FromSoftware, Inc.', 'Bandai Namco Entertainment']",False,1790.0,"['Action', 'RPG']","['Single-player', 'Multi-player', 'PvP', 'Online PvP', 'Co-op', 'Online Co-op', 'Steam Achievements', 'Full controller support', 'Steam Trading Cards', 'Camera Comfort', 'Custom Volume Controls', 'Playable without Timed Input', 'Save Anytime', 'Stereo Sound', 'Surround Sound', 'Steam Cloud', 'Family Sharing']","24 Feb, 2022",1157265,1076774,80491,8.0,Very Positive
1158310,Crusader Kings III,['Paradox Interactive'],False,407.7,"['RPG', 'Simulation', 'Strategy']","['Single-player', 'Multi-player', 'PvP', 'Online PvP', 'Steam Achievements', 'Steam Trading Cards', 'Steam Workshop', 'Adjustable Text Size', 'Camera Comfort', 'Custom Volume Controls', 'Adjustable Difficulty', 'Mouse Only Option', '#category_playable_at_your_own_pace', 'Playable without Timed Input', 'Save Anytime', 'Steam Cloud', 'Remote Play on Tablet', 'Family Sharing']","1 Sep, 2020",142508,128873,13635,8.0,Very Positive
1174180,Red Dead Redemption 2,['Rockstar Games'],False,474.75,"['Action', 'Adventure']","['Single-player', 'Multi-player', 'PvP', 'Online PvP', 'Co-op', 'Online Co-op', 'Steam Achievements', 'In-App Purchases', 'Partial Controller Support', 'Remote Play on Phone', 'Remote Play on Tablet']","5 Dec, 2019",923419,854215,69204,8.0,Very Positive
289070,Sid Meier’s Civilization® VI,"['2K', 'Aspyr (Mac)', 'Aspyr (Linux)']",False,160.0,['Strategy'],"['Single-player', 'Multi-player', 'PvP', 'Online PvP', 'LAN PvP', 'Shared/Split Screen PvP', 'Shared/Split Screen', 'Cross-Platform Multiplayer', 'Steam Achievements', 'Steam Trading Cards', 'Steam Workshop', 'In-App Purchases', 'Steam Turn Notifications', 'Remote Play on Tablet', 'Remote Play Together', 'Family Sharing']","20 Oct, 2016",379737,327188,52549,8.0,Very Positive
2183900,"Warhammer 40,000: Space Marine 2",['Focus Entertainment'],False,372.5,"['Action', 'Adventure', 'RPG']","['Single-player', 'Multi-player', 'PvP', 'Online PvP', 'Co-op', 'Online Co-op', 'Cross-Platform Multiplayer', 'Steam Achievements', 'Full controller support', 'Steam Trading Cards', 'Adjustable Text Size', 'Camera Comfort', 'Color Alternatives', 'Custom Volume Controls', 'Adjustable Difficulty', 'DualShock Controller Support', 'DualSense Controller Support', 'DualSense Controller Support', 'Stereo Sound', 'Subtitle Options', 'Surround Sound', 'Steam Cloud', 'Family Sharing']","9 Sep, 2024",227577,191202,36375,8.0,Very Positive
105600,Terraria,['Re-Logic'],False,110.0,"['Action', 'Adventure', 'Indie', 'RPG']","['Single-player', 'Multi-player', 'PvP', 'Online PvP', 'Co-op', 'Online Co-op', 'Steam Achievements', 'Full controller support', 'Steam Trading Cards', 'Steam Cloud', 'Remote Play on Phone', 'Remote Play on Tablet', 'Remote Play on TV', 'Family Sharing']","16 May, 2011",1559061,1518092,40969,9.0,Overwhelmingly Positive
4000,Garry's Mod,['Valve'],False,109.5,"['Casual', 'Indie', 'Simulation']","['Single-player', 'Multi-player', 'PvP', 'Online PvP', 'LAN PvP', 'Co-op', 'Online Co-op', 'LAN Co-op', 'Cross-Platform Multiplayer', 'Steam Achievements', 'Steam Trading Cards', 'Captions available', 'Steam Workshop', 'Color Alternatives', 'Custom Volume Controls', 'Adjustable Difficulty', 'Playable without Timed Input', 'Save Anytime', 'Stereo Sound', 'Steam Cloud', 'Valve Anti-Cheat enabled', 'Includes level editor', 'Includes Source SDK', 'Remote Play on Tablet', 'Family Sharing']","29 Nov, 2006",1267993,1228412,39581,9.0,Overwhelmingly Positive
1085660,Destiny 2,['Bungie'],True,0.0,"['Action', 'Adventure', 'Free To Play']","['Single-player', 'Multi-player', 'PvP', 'Online PvP', 'Co-op', 'Online Co-op', 'Steam Achievements', 'In-App Purchases', 'Color Alternatives', 'Custom Volume Controls', 'DualShock Controller Support', 'DualSense Controller Support', 'Subtitle Options', 'Partial Controller Support', 'Family Sharing']","1 Oct, 2019",662854,521230,141624,6.0,Mostly Positive
252950,Rocket League®,['Psyonix LLC'],False,0.0,"['Action', 'Indie', 'Racing', 'Sports']","['Single-player', 'Multi-player', 'PvP', 'Online PvP', 'Shared/Split Screen PvP', 'Co-op', 'Online Co-op', 'Shared/Split Screen Co-op', 'Shared/Split Screen', 'Cross-Platform Multiplayer', 'Steam Achievements', 'Steam Trading Cards', 'Steam Workshop', 'Gamepad Recommended', 'DualShock Controller Support', 'DualSense Controller Support', 'Steam Input API Support', 'Partial Controller Support', 'Steam Cloud', 'Stats', 'Remote Play on Phone', 'Remote Play on Tablet', 'Remote Play on TV', 'Remote Play Together', 'Family Sharing']","6 Jul, 2015",580270,508450,71820,8.0,Very Positive
2694490,Path of Exile 2,['Grinding Gear Games'],False,798.0,"['Action', 'Adventure', 'Massively Multiplayer', 'RPG', 'Early Access']","['Single-player', 'Multi-player', 'MMO', 'Co-op', 'Online Co-op', 'Full controller support', 'DualShock Controller Support', 'DualShock Controller Support', 'DualSense Controller Support', 'DualSense Controller Support', 'HDR available']","6 Dec, 2024",226940,170314,56626,6.0,Mostly Positive
899770,Last Epoch,"['Eleventh Hour Games', 'KRAFTON, Inc']",False,476.0,"['Action', 'Adventure', 'Indie', 'RPG']","['Single-player', 'Multi-player', 'Co-op', 'Online Co-op', 'Full controller support', 'In-App Purchases', 'Adjustable Text Size', 'Camera Comfort', 'Color Alternatives', 'Custom Volume Controls', 'DualShock Controller Support', 'DualShock Controller Support', 'DualSense Controller Support', 'DualSense Controller Support', 'Stereo Sound', 'Steam Cloud']","21 Feb, 2024",118673,90763,27910,6.0,Mostly Positive
3405690,EA SPORTS FC™ 26,['Electronic Arts'],False,549.0,"['Simulation', 'Sports']","['Single-player', 'Multi-player', 'PvP', 'Online PvP', 'Shared/Split Screen PvP', 'Co-op', 'Online Co-op', 'Shared/Split Screen Co-op', 'Shared/Split Screen', 'Cross-Platform Multiplayer', 'Steam Achievements', 'Full controller support', 'In-App Purchases', 'Chat Speech-to-text', 'Adjustable Difficulty', 'Keyboard Only Option', 'DualShock Controller Support', 'DualSense Controller Support', 'DualSense Controller Support', 'Stereo Sound', 'Subtitle Options', 'HDR available']","25 Sep, 2025",108508,55231,53277,5.0,Mixed
1938090,Call of Duty®,['Activision'],False,0.0,['Action'],"['Single-player', 'Multi-player', 'PvP', 'Online PvP', 'Co-op', 'Online Co-op', 'Cross-Platform Multiplayer', 'Steam Achievements', 'Captions available', 'In-App Purchases', 'Adjustable Text Size', 'Camera Comfort', 'Color Alternatives', 'Custom Volume Controls', 'Playable without Timed Input', 'DualShock Controller Support', 'DualShock Controller Support', 'DualSense Controller Support', 'DualSense Controller Support', 'Steam Input API Support', 'Stereo Sound', 'Subtitle Options', 'Surround Sound', 'Partial Controller Support', 'HDR available']","27 Oct, 2022",782712,458311,324401,5.0,Mixed
489830,The Elder Scrolls V: Skyrim Special Edition,['Bethesda Softworks'],False,89.9,['RPG'],"['Single-player', 'Steam Achievements', 'Playable without Timed Input', 'Save Anytime', 'Stereo Sound', 'Surround Sound', 'Partial Controller Support', 'Steam Cloud', 'Remote Play on Phone', 'Remote Play on Tablet', 'Family Sharing']","27 Oct, 2016",378633,349081,29552,8.0,Very Positive
3551340,Football Manager 26,['SEGA'],False,1790.0,"['Simulation', 'Sports', 'Strategy']","['Single-player', 'Multi-player', 'Steam Achievements', 'Full controller support', 'Steam Workshop', 'Adjustable Text Size', 'Playable without Timed Input', 'DualShock Controller Support', 'DualShock Controller Support', 'DualSense Controller Support', 'DualSense Controller Support', 'Save Anytime', 'Steam Cloud', 'Family Sharing']","4 Nov, 2025",36325,12945,23380,4.0,Mostly Negative
4019220,Dressmaker,['Free Lives'],False,295.0,"['Casual', 'Simulation']","['Single-player', 'Steam Achievements', 'Custom Volume Controls', 'Mouse Only Option', 'Playable without Timed Input', 'Steam Cloud', 'Family Sharing']","21 Sep, 2026",8289,8125,164,9.0,Overwhelmingly Positive
1091500,Cyberpunk 2077,['CD PROJEKT RED'],False,539.7,['RPG'],"['Single-player', 'Steam Achievements', 'Full controller support', 'Steam Trading Cards', 'Adjustable Text Size', 'Camera Comfort', 'Color Alternatives', 'Custom Volume Controls', 'Adjustable Difficulty', 'Playable without Timed Input', 'DualShock Controller Support', 'DualSense Controller Support', 'DualSense Controller Support', 'Save Anytime', 'Stereo Sound', 'Subtitle Options', 'Surround Sound', 'Steam Cloud', 'HDR available', 'Family Sharing']","9 Dec, 2020",983157,854672,128485,8.0,Very Positive
4001890,How to Fish,['Dazed Games'],False,98.58,"['Action', 'Casual', 'Indie', 'Simulation']","['Single-player', 'Multi-player', 'Co-op', 'Online Co-op', 'Steam Achievements', 'Full controller support', 'Custom Volume Controls', 'DualShock Controller Support', 'DualShock Controller Support', 'DualSense Controller Support', 'DualSense Controller Support', 'Save Anytime', 'Stereo Sound', 'Family Sharing']","20 Aug, 2026",73917,70322,3595,9.0,Overwhelmingly Positive
2807960,Battlefield™ 6,['Electronic Arts'],False,999.5,['Action'],"['Single-player', 'Multi-player', 'PvP', 'Online PvP', 'Cross-Platform Multiplayer', 'Steam Achievements', 'Full controller support', 'In-App Purchases', 'Camera Comfort', 'Chat Speech-to-text', 'Chat Text-to-speech', 'Color Alternatives', 'Custom Volume Controls', 'Adjustable Difficulty', 'Keyboard Only Option', 'Playable without Timed Input', 'DualShock Controller Support', 'DualSense Controller Support', 'DualSense Controller Support', 'Stereo Sound', 'Subtitle Options', 'Surround Sound', 'Steam Cloud', 'HDR available']","10 Oct, 2025",370619,236169,134450,5.0,Mixed
1366800,Crosshair X,['CenterPoint Gaming'],False,102.5,"['Action', 'Adventure', 'Indie', 'Software Training', 'Utilities']","['Captions available', 'Steam Workshop', 'DualShock Controller Support', 'DualShock Controller Support', 'DualSense Controller Support', 'DualSense Controller Support', 'Partial Controller Support', 'Steam Cloud']","17 Aug, 2020",45995,42944,3051,8.0,Very Positive
2073620,Arena Breakout: Infinite,['Morefun Studios'],True,0.0,"['Action', 'Adventure', 'Massively Multiplayer', 'RPG', 'Strategy', 'Free To Play']","['Multi-player', 'MMO', 'PvP', 'Online PvP', 'Co-op', 'Online Co-op', 'Steam Achievements', 'Steam Trading Cards', 'In-App Purchases', 'Family Sharing']","15 Sep, 2025",82871,61321,21550,6.0,Mostly Positive
2300320,Farming Simulator 25,['GIANTS Software'],False,584.25,['Simulation'],"['Single-player', 'Multi-player', 'Co-op', 'Online Co-op', 'Steam Achievements', 'Full controller support', 'Steam Trading Cards', 'DualShock Controller Support', 'DualSense Controller Support', 'Steam Cloud', 'Family Sharing']","12 Nov, 2024",59100,51627,7473,8.0,Very Positive
1808500,ARC Raiders,['Embark Studios'],False,524.5,['Action'],"['Multi-player', 'PvP', 'Online PvP', 'Co-op', 'Online Co-op', 'Cross-Platform Multiplayer', 'Steam Achievements', 'Full controller support', 'In-App Purchases', 'DualShock Controller Support', 'DualShock Controller Support', 'DualSense Controller Support', 'DualSense Controller Support', 'Stats', 'Family Sharing']","30 Oct, 2025",417629,341389,76240,8.0,Very Positive
413150,Stardew Valley,['ConcernedApe'],False,220.5,"['Indie', 'RPG', 'Simulation']","['Single-player', 'Multi-player', 'Co-op', 'Online Co-op', 'LAN Co-op', 'Shared/Split Screen Co-op', 'Shared/Split Screen', 'Steam Achievements', 'Full controller support', 'Steam Trading Cards', 'Steam Cloud', 'Remote Play on Phone', 'Remote Play on Tablet', 'Remote Play Together', 'Family Sharing']","26 Feb, 2016",1041634,1025801,15833,9.0,Overwhelmingly Positive
227300,Euro Truck Simulator 2,['SCS Software'],False,102.0,"['Indie', 'Simulation']","['Single-player', 'Multi-player', 'Co-op', 'Online Co-op', 'Steam Achievements', 'Steam Trading Cards', 'Steam Workshop', 'Camera Comfort', 'Custom Volume Controls', 'Adjustable Difficulty', 'Keyboard Only Option', 'Playable without Timed Input', 'Save Anytime', 'Steam Input API Support', 'Stereo Sound', 'Surround Sound', 'Partial Controller Support', 'Steam Cloud', 'Includes level editor', 'Remote Play on Phone', 'Remote Play on Tablet', 'Remote Play Together', 'Family Sharing']","12 Oct, 2012",946048,921855,24193,9.0,Overwhelmingly Positive
394360,Hearts of Iron IV,['Paradox Interactive'],False,407.7,"['Simulation', 'Strategy']","['Single-player', 'Multi-player', 'Co-op', 'Cross-Platform Multiplayer', 'Steam Achievements', 'Steam Trading Cards', 'Steam Workshop', 'Steam Cloud', 'Remote Play on Tablet', 'Family Sharing']","6 Jun, 2016",362165,325304,36861,8.0,Very Positive
1623730,Palworld,['Pocketpair'],False,413.0,"['Action', 'Adventure', 'Indie', 'RPG']","['Single-player', 'Multi-player', 'Co-op', 'Online Co-op', 'Cross-Platform Multiplayer', 'Steam Achievements', 'Full controller support', 'Steam Trading Cards', 'Steam Workshop', 'DualShock Controller Support', 'DualShock Controller Support', 'DualSense Controller Support', 'DualSense Controller Support', 'Steam Cloud', 'Family Sharing']","9 Jul, 2026",490816,464222,26594,8.0,Very Positive
3240220,Grand Theft Auto V Enhanced,['Rockstar Games'],False,479.5,"['Action', 'Adventure', 'Racing']","['Single-player', 'Multi-player', 'PvP', 'Online PvP', 'Co-op', 'Online Co-op', 'Steam Achievements', 'In-App Purchases', 'DualSense Controller Support', 'DualSense Controller Support', 'Partial Controller Support', 'Remote Play on Phone', 'Remote Play on Tablet']","4 Mar, 2025",228582,190057,38525,8.0,Very Positive
2507950,Delta Force,['TiMi Studio Group'],True,0.0,"['Action', 'Adventure', 'Massively Multiplayer', 'Free To Play']","['Single-player', 'Multi-player', 'MMO', 'PvP', 'Online PvP', 'Co-op', 'Online Co-op', 'Cross-Platform Multiplayer', 'Steam Achievements', 'Full controller support', 'Steam Trading Cards', 'In-App Purchases', 'DualShock Controller Support', 'DualSense Controller Support', 'Family Sharing']","4 Dec, 2024",197143,113730,83413,5.0,Mixed
553850,HELLDIVERS™ 2,['PlayStation Publishing LLC'],False,967.5,['Action'],"['Multi-player', 'Co-op', 'Online Co-op', 'Steam Achievements', 'In-App Purchases', 'Adjustable Text Size', 'Camera Comfort', 'Chat Speech-to-text', 'Chat Text-to-speech', 'Color Alternatives', 'Custom Volume Controls', 'Adjustable Difficulty', 'Narrated Game Menus', 'Playable without Timed Input', 'DualShock Controller Support', 'DualSense Controller Support', 'DualSense Controller Support', 'Stereo Sound', 'Subtitle Options', 'Surround Sound', 'Partial Controller Support', 'Family Sharing']","8 Feb, 2024",1164947,881122,283825,6.0,Mostly Positive
1973530,Limbus Company,['ProjectMoon'],True,0.0,['Free To Play'],"['Single-player', 'In-App Purchases', 'Family Sharing']","26 Feb, 2023",120442,106225,14217,8.0,Very Positive
221100,DayZ,['Bohemia Interactive'],False,749.5,"['Action', 'Adventure', 'Massively Multiplayer']","['Multi-player', 'MMO', 'PvP', 'Online PvP', 'Co-op', 'Online Co-op', 'Steam Achievements', 'Steam Trading Cards', 'Steam Workshop', 'Steam Cloud', 'Valve Anti-Cheat enabled']","13 Dec, 2018",470282,366280,104002,6.0,Mostly Positive
438100,VRChat,['VRChat Inc.'],True,0.0,"['Adventure', 'Casual', 'Massively Multiplayer', 'Simulation', 'Sports', 'Free To Play', 'Early Access']","['Multi-player', 'MMO', 'PvP', 'Online PvP', 'Co-op', 'Online Co-op', 'Cross-Platform Multiplayer', 'Full controller support', 'Tracked Controller Support', 'VR Supported', 'In-App Purchases', 'DualShock Controller Support', 'DualShock Controller Support', 'DualSense Controller Support', 'DualSense Controller Support', 'Family Sharing']","1 Feb, 2017",269374,202445,66929,6.0,Mostly Positive
250900,The Binding of Isaac: Rebirth,"['Nicalis, Inc.']",False,179.25,['Action'],"['Single-player', 'Multi-player', 'Shared/Split Screen', 'Steam Achievements', 'Full controller support', 'Steam Trading Cards', 'Steam Cloud', 'Remote Play on TV', 'Remote Play Together', 'Family Sharing']","4 Nov, 2014",459823,445185,14638,9.0,Overwhelmingly Positive
2868840,Slay the Spire 2,['Mega Crit'],False,499.0,"['Indie', 'Strategy', 'Early Access']","['Single-player', 'Multi-player', 'Co-op', 'Online Co-op', 'Full controller support', 'Custom Volume Controls', 'Mouse Only Option', '#category_playable_at_your_own_pace', 'Playable without Timed Input', 'DualSense Controller Support', 'Save Anytime', 'Steam Input API Support', 'Steam Cloud', 'Stats', 'Steam Leaderboards', 'Family Sharing']","5 Mar, 2026",203418,124609,78809,5.0,Mixed
381210,Dead by Daylight,['Behaviour Interactive Inc.'],False,159.6,['Action'],"['Multi-player', 'PvP', 'Online PvP', 'Co-op', 'Online Co-op', 'Cross-Platform Multiplayer', 'Steam Achievements', 'Full controller support', 'Steam Trading Cards', 'Color Alternatives', 'Custom Volume Controls', 'Steam Input API Support', 'Stereo Sound', 'Subtitle Options', 'Surround Sound', 'Steam Cloud', 'Remote Play on Phone', 'Remote Play on Tablet', 'Remote Play on TV', 'Family Sharing']","14 Jun, 2016",936952,733488,203464,6.0,Mostly Positive
1086940,Baldur's Gate 3,['Larian Studios'],False,1259.3,"['Adventure', 'RPG', 'Strategy']","['Single-player', 'Multi-player', 'Co-op', 'Online Co-op', 'LAN Co-op', 'Cross-Platform Multiplayer', 'Steam Achievements', 'Full controller support', 'Steam Trading Cards', 'Adjustable Text Size', 'Camera Comfort', 'Color Alternatives', 'Custom Volume Controls', 'Adjustable Difficulty', 'Playable without Timed Input', 'DualShock Controller Support', 'DualShock Controller Support', 'DualSense Controller Support', 'DualSense Controller Support', 'Save Anytime', 'Stereo Sound', 'Subtitle Options', 'Surround Sound', 'Steam Cloud', 'Remote Play on TV', 'Remote Play Together', 'Family Sharing']","3 Aug, 2023",860217,832559,27658,9.0,Overwhelmingly Positive
322170,Geometry Dash,['RobTop Games'],False,57.5,"['Action', 'Indie']","['Single-player', 'Steam Achievements', 'Steam Trading Cards', 'Partial Controller Support', 'Includes level editor', 'Remote Play on Phone', 'Remote Play on Tablet', 'Family Sharing']","22 Dec, 2014",647041,601510,45531,8.0,Very Positive
271590,Grand Theft Auto V Legacy,['Rockstar Games'],False,0.0,"['Action', 'Adventure']","['Single-player', 'Multi-player', 'PvP', 'Online PvP', 'Co-op', 'Online Co-op', 'Steam Achievements', 'Full controller support', 'Remote Play on Phone', 'Remote Play on Tablet', 'Remote Play on TV']","13 Apr, 2015",2079934,1823900,256034,8.0,Very Positive
431960,Wallpaper Engine,['Wallpaper Engine Team'],False,92.0,"['Casual', 'Indie', 'Animation & Modeling', 'Design & Illustration', 'Photo Editing', 'Utilities']","['Steam Achievements', 'Steam Trading Cards', 'Steam Workshop', 'Steam Workshop', 'Includes level editor']","16 Nov, 2018",1019745,994800,24945,9.0,Overwhelmingly Positive
108600,Project Zomboid,['The Indie Stone'],False,307.53,"['Indie', 'RPG', 'Simulation', 'Early Access']","['Single-player', 'Multi-player', 'PvP', 'Online PvP', 'Co-op', 'Online Co-op', 'Shared/Split Screen Co-op', 'Shared/Split Screen', 'Cross-Platform Multiplayer', 'Steam Trading Cards', 'Steam Workshop', 'Partial Controller Support', 'Remote Play Together', 'Family Sharing']","8 Nov, 2013",485132,454834,30298,8.0,Very Positive
236390,War Thunder,['Gaijin Network Ltd'],True,0.0,"['Action', 'Massively Multiplayer', 'Simulation', 'Free To Play']","['Single-player', 'Multi-player', 'MMO', 'PvP', 'Online PvP', 'Co-op', 'Online Co-op', 'Cross-Platform Multiplayer', 'Steam Achievements', 'Full controller support', 'VR Supported', 'Steam Trading Cards', 'In-App Purchases', 'Adjustable Text Size', 'Camera Comfort', 'Color Alternatives', 'Custom Volume Controls', 'Playable without Timed Input', 'DualShock Controller Support', 'DualSense Controller Support', 'Steam Input API Support', 'Stereo Sound', 'Surround Sound', 'Remote Play on Phone', 'Remote Play on Tablet']","15 Aug, 2013",788209,561150,227059,6.0,Mostly Positive
3678970,TBH: Task Bar Hero,['Nugem Studio'],True,0.0,"['Casual', 'Indie', 'RPG', 'Free To Play']","['Single-player', 'Steam Achievements', 'Custom Volume Controls', 'Mouse Only Option', '#category_playable_at_your_own_pace', 'Playable without Timed Input', 'Steam Cloud', 'Stats', 'Family Sharing']","27 May, 2026",46942,25191,21751,5.0,Mixed
230410,Warframe,['Digital Extremes'],True,0.0,"['Action', 'RPG', 'Free To Play']","['Single-player', 'Multi-player', 'Co-op', 'Online Co-op', 'Cross-Platform Multiplayer', 'Steam Achievements', 'Full controller support', 'Steam Trading Cards', 'Steam Workshop', 'In-App Purchases', 'Camera Comfort', 'Color Alternatives', 'Custom Volume Controls', 'Playable without Timed Input', 'DualShock Controller Support', 'DualShock Controller Support', 'DualSense Controller Support', 'DualSense Controller Support', 'Steam Input API Support', 'Stereo Sound', 'Surround Sound', 'Remote Play on Phone', 'Remote Play on Tablet', 'Remote Play on TV', 'HDR available']","25 Mar, 2013",678979,596189,82790,8.0,Very Positive
1142710,Total War: WARHAMMER III,"['SEGA', 'Feral Interactive']",False,208.5,"['Action', 'Strategy']","['Single-player', 'Multi-player', 'PvP', 'Online PvP', 'LAN PvP', 'Co-op', 'Online Co-op', 'LAN Co-op', 'Steam Achievements', 'Steam Trading Cards', 'Camera Comfort', 'Color Alternatives', 'Custom Volume Controls', 'Adjustable Difficulty', 'Playable without Timed Input', 'Save Anytime', 'Stereo Sound', 'Surround Sound', 'Steam Cloud', 'Family Sharing']","16 Feb, 2022",149664,107757,41907,6.0,Mostly Positive
2767030,Marvel Rivals,['NetEase Games'],True,0.0,"['Action', 'Adventure', 'Casual', 'Massively Multiplayer', 'Racing', 'RPG', 'Strategy', 'Free To Play']","['Multi-player', 'PvP', 'Online PvP', 'Co-op', 'Online Co-op', 'Cross-Platform Multiplayer', 'Steam Achievements', 'Full controller support', 'In-App Purchases', 'DualShock Controller Support', 'DualShock Controller Support', 'DualSense Controller Support', 'DualSense Controller Support', 'Family Sharing']","5 Dec, 2024",419978,316509,103469,6.0,Mostly Positive
570,Dota 2,['Valve'],True,0.0,"['Action', 'Strategy', 'Free To Play']","['Multi-player', 'Co-op', 'Steam Trading Cards', 'Steam Workshop', 'SteamVR Collectibles', 'In-App Purchases', 'Camera Comfort', 'Color Alternatives', 'Custom Volume Controls', 'Valve Anti-Cheat enabled', 'Steam Timeline']","9 Jul, 2013",2789835,2244729,545106,8.0,Very Positive
2357570,Overwatch®,"['Blizzard Entertainment, Inc.']",True,0.0,"['Action', 'Free To Play']","['Multi-player', 'PvP', 'Online PvP', 'Co-op', 'Online Co-op', 'Cross-Platform Multiplayer', 'Steam Achievements', 'Full controller support', 'In-App Purchases', 'Adjustable Text Size', 'Camera Comfort', 'Chat Speech-to-text', 'Chat Text-to-speech', 'Color Alternatives', 'Custom Volume Controls', 'Playable without Timed Input', 'DualShock Controller Support', 'DualSense Controller Support', 'DualSense Controller Support', 'Stereo Sound', 'Subtitle Options', 'Surround Sound']","10 Aug, 2023",425452,135529,289923,4.0,Mostly Negative
359550,Tom Clancy's Rainbow Six Siege,['Ubisoft'],True,0.0,"['Action', 'Free To Play']","['Single-player', 'Multi-player', 'PvP', 'Online PvP', 'Co-op', 'Online Co-op', 'Full controller support', 'Steam Trading Cards', 'In-App Purchases', 'DualShock Controller Support', 'DualShock Controller Support', 'DualSense Controller Support', 'DualSense Controller Support', 'Remote Play on Phone', 'Remote Play on Tablet']","1 Dec, 2015",1558796,1279764,279032,8.0,Very Positive
1172470,Apex Legends™,['Electronic Arts'],True,0.0,"['Action', 'Adventure', 'Free To Play']","['Multi-player', 'PvP', 'Online PvP', 'Co-op', 'Online Co-op', 'Steam Achievements', 'Full controller support', 'Steam Trading Cards', 'In-App Purchases', 'Chat Speech-to-text', 'Playable without Timed Input', 'DualShock Controller Support', 'DualSense Controller Support', 'DualSense Controller Support']","4 Nov, 2020",1071675,726407,345268,5.0,Mixed
440,Team Fortress 2,['Valve'],True,0.0,"['Action', 'Free To Play']","['Multi-player', 'Cross-Platform Multiplayer', 'Steam Achievements', 'Steam Trading Cards', 'Captions available', 'Steam Workshop', 'In-App Purchases', 'Camera Comfort', 'Color Alternatives', 'Custom Volume Controls', 'Stereo Sound', 'Surround Sound', 'Partial Controller Support', 'Valve Anti-Cheat enabled', 'Stats', 'Includes level editor', 'Commentary available', 'Remote Play on Phone', 'Remote Play on Tablet']","10 Oct, 2007",1252872,1140766,112106,8.0,Very Positive
292030,The Witcher 3: Wild Hunt — Remastered,['CD PROJEKT RED'],False,649.5,['RPG'],"['Single-player', 'Steam Achievements', 'Steam Trading Cards', 'Steam Workshop', 'Adjustable Text Size', 'Camera Comfort', 'Color Alternatives', 'Custom Volume Controls', 'Adjustable Difficulty', 'Playable without Timed Input', 'DualSense Controller Support', 'DualSense Controller Support', 'Save Anytime', 'Stereo Sound', 'Surround Sound', 'Partial Controller Support', 'Steam Cloud', 'Remote Play on Tablet', 'Remote Play on TV', 'HDR available', 'Family Sharing']","18 May, 2015",898360,866470,31890,9.0,Overwhelmingly Positive
4126040,Aniimo,['Pawprint Studio'],True,0.0,"['Action', 'Adventure', 'Massively Multiplayer', 'RPG', 'Simulation', 'Strategy', 'Free To Play']","['Single-player', 'Multi-player', 'PvP', 'Online PvP', 'Co-op', 'Online Co-op', 'Cross-Platform Multiplayer', 'Steam Achievements', 'In-App Purchases', 'DualSense Controller Support', 'DualSense Controller Support', 'Partial Controller Support', 'Family Sharing']","15 Sep, 2026",22237,16350,5887,6.0,Mostly Positive
2358720,Black Myth: Wukong,['Game Science'],False,1799.0,"['Action', 'Adventure', 'RPG']","['Single-player', 'Steam Achievements', 'Full controller support', 'Steam Trading Cards', 'Gamepad Recommended', 'Playable without Timed Input', 'DualSense Controller Support', 'DualSense Controller Support', 'Stereo Sound', 'Surround Sound', 'Steam Cloud', 'Family Sharing']","19 Aug, 2024",1213164,1170485,42679,9.0,Overwhelmingly Positive
1426210,It Takes Two,['Electronic Arts'],False,329.7,"['Action', 'Adventure']","['Multi-player', 'Co-op', 'Online Co-op', 'Shared/Split Screen Co-op', 'Shared/Split Screen', 'Steam Achievements', 'Full controller support', 'Steam Trading Cards', 'DualShock Controller Support', 'DualSense Controller Support', 'Stereo Sound', 'Surround Sound', 'Steam Cloud', 'Remote Play Together']","25 Mar, 2021",271061,258695,12366,9.0,Overwhelmingly Positive
1771300,Kingdom Come: Deliverance II,['Deep Silver'],False,569.44,"['Action', 'Adventure', 'RPG']","['Single-player', 'Steam Achievements', 'Full controller support', 'Steam Trading Cards', 'Custom Volume Controls', 'Playable without Timed Input', 'DualShock Controller Support', 'DualSense Controller Support', 'DualSense Controller Support', 'Stereo Sound', 'Surround Sound', 'Steam Cloud', 'Family Sharing']","4 Feb, 2025",197243,185221,12022,8.0,Very Positive
3321460,Crimson Desert Enhanced,['Pearl Abyss'],False,1990.0,"['Action', 'Adventure']","['Single-player', 'Steam Achievements', 'Full controller support', 'Custom Volume Controls', 'Gamepad Recommended', 'DualSense Controller Support', 'Save Anytime', 'Stereo Sound', 'Subtitle Options', 'Surround Sound', 'Steam Cloud', 'HDR available', 'Family Sharing']","19 Mar, 2026",176108,147395,28713,8.0,Very Positive
1049590,Eternal Return,"['Nimble Neuron', 'SapStaR Games', 'KRAFTON, Inc.']",True,0.0,[],"['Multi-player', 'PvP', 'Online PvP', 'Steam Trading Cards', 'In-App Purchases', 'Camera Comfort', 'Color Alternatives', 'Custom Volume Controls', 'Playable without Timed Input', 'Family Sharing']","19 Jul, 2023",69400,53286,16114,6.0,Mostly Positive
346110,ARK: Survival Evolved,"['Studio Wildcard', 'Snail Games USA']",False,207.9,"['Action', 'Adventure', 'Indie', 'Massively Multiplayer', 'RPG']","['Single-player', 'Multi-player', 'MMO', 'Co-op', 'Steam Achievements', 'Full controller support', 'Steam Workshop', 'Steam Cloud', 'Valve Anti-Cheat enabled', 'Includes level editor', 'Remote Play on Tablet', 'Family Sharing']","27 Aug, 2017",778704,648968,129736,8.0,Very Positive
766570,Russian Fishing 4,['FishSoft LLC'],True,0.0,"['Adventure', 'Casual', 'Massively Multiplayer', 'RPG', 'Simulation', 'Sports', 'Free To Play']","['Single-player', 'Multi-player', 'MMO', 'PvP', 'Online PvP', 'Steam Achievements', 'In-App Purchases', 'Stats', 'Family Sharing']","10 Nov, 2021",91499,55792,35707,5.0,Mixed
1446780,MONSTER HUNTER RISE,"['CAPCOM Co., Ltd.']",False,109.0,['Action'],"['Single-player', 'Multi-player', 'Co-op', 'Online Co-op', 'Steam Achievements', 'Full controller support', 'Steam Trading Cards', 'Steam Cloud', 'HDR available', 'Family Sharing']","12 Jan, 2022",126981,106032,20949,8.0,Very Positive
1057090,Ori and the Will of the Wisps,['Xbox Game Studios'],False,37.9,['Action'],"['Single-player', 'Steam Achievements', 'Full controller support', 'Steam Cloud', 'Remote Play on Phone', 'Remote Play on Tablet', 'Remote Play on TV', 'HDR available', 'Family Sharing']","10 Mar, 2020",148463,143190,5273,9.0,Overwhelmingly Positive
2622380,ELDEN RING NIGHTREIGN,"['FromSoftware, Inc.', 'Bandai Namco Entertainment']",False,1190.0,"['Action', 'RPG']","['Single-player', 'Multi-player', 'Co-op', 'Online Co-op', 'Steam Achievements', 'Full controller support', 'Camera Comfort', 'Custom Volume Controls', 'Gamepad Recommended', 'Playable without Timed Input', 'DualShock Controller Support', 'DualShock Controller Support', 'DualSense Controller Support', 'DualSense Controller Support', 'Steam Input API Support', 'Stereo Sound', 'Surround Sound', 'Steam Cloud', 'Family Sharing']","29 May, 2025",191902,156805,35097,8.0,Very Positive
582010,Monster Hunter: World,"['CAPCOM Co., Ltd.']",False,210.6,['Action'],"['Single-player', 'Multi-player', 'Co-op', 'Steam Achievements', 'Steam Trading Cards', 'Adjustable Text Size', 'Camera Comfort', 'Custom Volume Controls', 'Keyboard Only Option', 'Stereo Sound', 'Surround Sound', 'Partial Controller Support', 'Steam Cloud', 'Stats', 'Steam Leaderboards', 'Remote Play on Tablet', 'HDR available', 'Family Sharing']","8 Aug, 2018",518427,460385,58042,8.0,Very Positive
1364780,Street Fighter™ 6,"['CAPCOM Co., Ltd.']",False,452.0,"['Action', 'Adventure']","['Single-player', 'Multi-player', 'PvP', 'Online PvP', 'Shared/Split Screen PvP', 'Shared/Split Screen', 'Cross-Platform Multiplayer', 'Steam Achievements', 'Steam Trading Cards', 'In-App Purchases', 'Camera Comfort', 'Custom Volume Controls', 'Adjustable Difficulty', 'Keyboard Only Option', 'Save Anytime', 'Stereo Sound', 'Surround Sound', 'Partial Controller Support', 'Steam Cloud', 'Family Sharing']","1 Jun, 2023",80294,65819,14475,8.0,Very Positive
1203220,NARAKA: BLADEPOINT,['NetEase Games '],True,0.0,"['Action', 'Adventure', 'Massively Multiplayer', 'Free To Play']","['Multi-player', 'PvP', 'Online PvP', 'Steam Achievements', 'Steam Trading Cards', 'In-App Purchases', 'Partial Controller Support', 'HDR available']","11 Aug, 2021",303089,222201,80888,6.0,Mostly Positive
2288340,ACE COMBAT 8: WINGS OF THEVE,['Bandai Namco Entertainment Inc.'],False,1990.0,['Action'],"['Single-player', 'Multi-player', 'PvP', 'Online PvP', 'Co-op', 'Online Co-op', 'Cross-Platform Multiplayer', 'Steam Achievements', 'Full controller support', 'Steam Trading Cards', 'In-App Purchases', 'DualShock Controller Support', 'DualSense Controller Support', 'DualSense Controller Support', 'Steam Cloud', 'HDR available', 'Family Sharing']","1 Oct, 2026",10735,8282,2453,6.0,Mostly Positive
1818450,STALZONE,['EXBO'],True,0.0,"['Action', 'Massively Multiplayer', 'RPG', 'Free To Play']","['Multi-player', 'MMO', 'PvP', 'Online PvP', 'Co-op', 'Online Co-op', 'Steam Achievements', 'In-App Purchases', 'Camera Comfort', 'Custom Volume Controls', 'Playable without Timed Input', 'Stereo Sound', 'Subtitle Options', 'Family Sharing']","9 Dec, 2022",109974,79278,30696,6.0,Mostly Positive
1326470,Sons Of The Forest,['Newnight '],False,171.1,"['Action', 'Adventure', 'Indie', 'Simulation']","['Single-player', 'Multi-player', 'Co-op', 'Online Co-op', 'Steam Achievements', 'Full controller support', 'DualShock Controller Support', 'DualShock Controller Support', 'DualSense Controller Support', 'DualSense Controller Support', 'Steam Cloud', 'Family Sharing']","22 Feb, 2024",321704,284653,37051,8.0,Very Positive
