snapshot_day,snapshot_time,Daysnap,appid,game,current_players,peak_players,Hours_played
2026-06-04,15-00-53,Thursday,2073620,Arena Breakout: Infinite,10007,31127,13624899
2026-06-04,15-00-53,Thursday,304930,Unturned,10082,27544,11430421
2026-06-04,15-00-53,Thursday,1158310,Crusader Kings III,10463,29414,12859475
2026-06-04,15-00-53,Thursday,813780,Age of Empires II: Definitive Edition,10509,27313,12522572
2026-06-04,15-00-53,Thursday,427520,Factorio,10531,25437,11438908
2026-06-04,15-00-53,Thursday,3564740,Where Winds Meet,10533,33572,12429196
2026-06-04,15-00-53,Thursday,2252570,Football Manager 2024,10698,24827,11236651
2026-06-04,15-00-53,Thursday,1805320,Romestead,11297,12486,108266
2026-06-04,15-00-53,Thursday,1623660,MIR4,11448,12904,8496339
2026-06-04,15-00-53,Thursday,284160,BeamNG.drive,11471,33584,13700880
2026-06-04,15-00-53,Thursday,2300320,Farming Simulator 25,11588,50663,16386492
2026-06-04,15-00-53,Thursday,582010,Monster Hunter: World,11638,28826,8898276
2026-06-04,15-00-53,Thursday,227300,Euro Truck Simulator 2,11667,57565,19179143
2026-06-04,15-00-53,Thursday,275850,No Man's Sky,12023,28162,7463208
2026-06-04,15-00-53,Thursday,250900,The Binding of Isaac: Rebirth,12218,26234,13007674
2026-06-04,15-00-53,Thursday,582660,Black Desert,12298,23584,13581895
2026-06-04,15-00-53,Thursday,2344520,Diablo® IV,12350,59905,20989502
2026-06-04,15-00-53,Thursday,766570,Russian Fishing 4,12541,25894,9057297
2026-06-04,15-00-53,Thursday,3419430,Bongo Cat,125573,182047,98981461
2026-06-04,15-00-53,Thursday,526870,Satisfactory,12562,28415,11205924
2026-06-04,15-00-53,Thursday,2183900,"Warhammer 40,000: Space Marine 2",12717,32294,9761176
2026-06-04,15-00-53,Thursday,3932890,Escape from Tarkov,12913,28503,9541701
2026-06-04,15-00-53,Thursday,2399830,ARK: Survival Ascended,12963,41220,16747213
2026-06-04,15-00-53,Thursday,251570,7 Days to Die,13118,32614,13803907
2026-06-04,15-00-53,Thursday,346110,ARK: Survival Evolved,13958,32274,12786600
2026-06-04,15-00-53,Thursday,261550,Mount & Blade II: Bannerlord,13984,36162,14786465
2026-06-04,15-00-53,Thursday,1905180,OBS Studio,14008,32027,13497865
2026-06-04,15-00-53,Thursday,4000,Garry's Mod,14074,38112,15667643
2026-06-04,15-00-53,Thursday,2622380,ELDEN RING NIGHTREIGN,14603,43207,13806410
2026-06-04,15-00-53,Thursday,1623730,Palworld,14729,30518,11654656
2026-06-04,15-00-53,Thursday,2694490,Path of Exile 2,150407,420409,43292959
2026-06-04,15-00-53,Thursday,1962700,Subnautica 2,15158,365838,40798368
2026-06-04,15-00-53,Thursday,553850,HELLDIVERS™ 2,15563,51938,20523632
2026-06-04,15-00-53,Thursday,1085660,Destiny 2,15942,28510,8433020
2026-06-04,15-00-53,Thursday,1364780,Street Fighter™ 6,16050,72217,13919435
2026-06-04,15-00-53,Thursday,2923300,Banana,16193,17057,5855802
2026-06-04,15-00-53,Thursday,4128580,BidKing:竞拍之王,16241,46700,15602263
2026-06-04,15-00-53,Thursday,1142710,Total War: WARHAMMER III,16281,46409,17000250
2026-06-04,15-00-53,Thursday,1222670,The Sims™ 4,16371,37962,17089172
2026-06-04,15-00-53,Thursday,3768760,007 First Light,16687,39153,1362593
2026-06-04,15-00-53,Thursday,3321460,Crimson Desert,16794,81784,28402425
2026-06-04,15-00-53,Thursday,3551340,Football Manager 26,17251,52865,21587526
2026-06-04,15-00-53,Thursday,1091500,Cyberpunk 2077,17259,46642,18833599
2026-06-04,15-00-53,Thursday,108600,Project Zomboid,17265,39157,18147329
2026-06-04,15-00-53,Thursday,2807960,Battlefield™ 6,17566,80250,26965713
2026-06-04,15-00-53,Thursday,1174180,Red Dead Redemption 2,17871,49465,19104493
2026-06-04,15-00-53,Thursday,489830,The Elder Scrolls V: Skyrim Special Edition,18423,39516,16171129
2026-06-04,15-00-53,Thursday,550,Left 4 Dead 2,18606,42053,16529050
2026-06-04,15-00-53,Thursday,1938090,Call of Duty®,18659,48440,20903417
2026-06-04,15-00-53,Thursday,322330,Don't Starve Together,18944,51617,16505082
2026-06-04,15-00-53,Thursday,3065800,Marathon,19246,40370,6332012
2026-06-04,15-00-53,Thursday,105600,Terraria,19305,41598,17649164
2026-06-04,15-00-53,Thursday,1281930,tModLoader,20010,44379,16430171
2026-06-04,15-00-53,Thursday,1245620,ELDEN RING,20689,47859,21883108
2026-06-04,15-00-53,Thursday,394360,Hearts of Iron IV,20734,68723,26187170
2026-06-04,15-00-53,Thursday,294100,RimWorld,20954,39474,19139817
2026-06-04,15-00-53,Thursday,289070,Sid Meier's Civilization VI,21991,51622,21746703
2026-06-04,15-00-53,Thursday,1203220,NARAKA: BLADEPOINT,22576,71840,18178623
2026-06-04,15-00-53,Thursday,221100,DayZ,22671,67998,27704086
2026-06-04,15-00-53,Thursday,3405690,EA SPORTS FC™ 26,22729,77677,32446685
2026-06-04,15-00-53,Thursday,3472040,NBA 2K26,23695,52826,20393804
2026-06-04,15-00-53,Thursday,3241660,R.E.P.O.,24031,115319,36336996
2026-06-04,15-00-53,Thursday,240,Counter-Strike: Source,25065,42600,19154383
2026-06-04,15-00-53,Thursday,1086940,Baldur's Gate 3,25769,71430,29782446
2026-06-04,15-00-53,Thursday,578080,PUBG: BATTLEGROUNDS,258878,822338,227284541
2026-06-04,15-00-53,Thursday,218620,PAYDAY 2,26212,36506,20098386
2026-06-04,15-00-53,Thursday,1366800,Crosshair X,27263,48478,25458971
2026-06-04,15-00-53,Thursday,1808500,ARC Raiders,27900,110265,41399569
2026-06-04,15-00-53,Thursday,570,Dota 2,294167,664213,302170364
2026-06-04,15-00-53,Thursday,440,Team Fortress 2,30604,59589,33034453
2026-06-04,15-00-53,Thursday,322170,Geometry Dash,31375,92136,38621147
2026-06-04,15-00-53,Thursday,236390,War Thunder,31575,101884,37312912
2026-06-04,15-00-53,Thursday,3240220,Grand Theft Auto V Enhanced,36766,80218,31546999
2026-06-04,15-00-53,Thursday,381210,Dead by Daylight,37291,86738,36505130
2026-06-04,15-00-53,Thursday,2357570,Overwatch®,40156,78898,40025903
2026-06-04,15-00-53,Thursday,230410,Warframe,41666,79383,39526112
2026-06-04,15-00-53,Thursday,438100,VRChat,41773,63904,31783182
2026-06-04,15-00-53,Thursday,552990,World of Warships,41903,52449,22559933
2026-06-04,15-00-53,Thursday,252490,Rust,47127,188976,72500563
2026-06-04,15-00-53,Thursday,413150,Stardew Valley,47184,128784,43580324
2026-06-04,15-00-53,Thursday,271590,Grand Theft Auto V Legacy,49601,104375,44038308
2026-06-04,15-00-53,Thursday,2767030,Marvel Rivals,51507,131986,48110772
2026-06-04,15-00-53,Thursday,359550,Tom Clancy's Rainbow Six Siege,57906,117909,44062526
2026-06-04,15-00-53,Thursday,2507950,Delta Force,61859,183559,57993378
2026-06-04,15-00-53,Thursday,1973530,Limbus Company,62161,130546,29086862
2026-06-04,15-00-53,Thursday,730,Counter-Strike 2,628840,1489217,669023600
2026-06-04,15-00-53,Thursday,2868840,Slay the Spire 2,71155,230185,77753874
2026-06-04,15-00-53,Thursday,431960,Wallpaper Engine,78560,131111,55034641
2026-06-04,15-00-53,Thursday,2676230,FiveM,82440,216073,94154674
2026-06-04,15-00-53,Thursday,2483190,Forza Horizon 6,86153,301394,65633525
2026-06-04,15-00-53,Thursday,1172470,Apex Legends™,91477,324964,92597719
2026-06-04,15-00-53,Thursday,629520,Soundpad,9471,21553,9899846
2026-06-04,15-00-53,Thursday,252950,Rocket League,9501,30769,12527273
2026-06-04,15-00-53,Thursday,2139460,Once Human,9620,19004,8279272
2026-06-04,15-00-53,Thursday,440900,Conan Exiles,9854,47849,16239453
2026-06-04,15-00-53,Thursday,3527290,PEAK,9980,33734,10532263
2026-06-04,15-00-53,Thursday,3513350,Wuthering Waves,9990,31673,11464055
